policy,accuracy_p,good_halt_rate,good_escalate_rate,good_total_refusal,good_false_block,bad_halt_rate,bad_escalate_rate,bad_total_refusal,bad_proceed_rate,bad_false_pass
unanimous,0.5,0.49112,0.3852,0.87632,0.87632,0.87772,0.10676,0.9844799999999999,0.01552,0.01552
unanimous,0.525,0.46468,0.38692,0.8515999999999999,0.8515999999999999,0.89576,0.09128,0.98704,0.01296,0.01296
unanimous,0.55,0.45064,0.38324,0.83388,0.83388,0.90928,0.07956,0.9888399999999999,0.01116,0.01116
unanimous,0.575,0.43108,0.37248,0.80356,0.80356,0.9214,0.06768,0.98908,0.01092,0.01092
unanimous,0.6,0.40384,0.37828,0.7821199999999999,0.7821199999999999,0.9378,0.0552,0.993,0.007,0.007
unanimous,0.625,0.38856,0.3696,0.75816,0.75816,0.9474,0.04556,0.9929600000000001,0.00704,0.00704
unanimous,0.65,0.36304,0.35968,0.72272,0.72272,0.95728,0.03784,0.99512,0.00488,0.00488
unanimous,0.675,0.342,0.34716,0.68916,0.68916,0.96592,0.02972,0.99564,0.00436,0.00436
unanimous,0.7,0.3178,0.34088,0.65868,0.65868,0.9726,0.02316,0.99576,0.00424,0.00424
unanimous,0.725,0.29596,0.3254,0.62136,0.62136,0.97872,0.0184,0.99712,0.00288,0.00288
unanimous,0.75,0.26776,0.30636,0.57412,0.57412,0.986,0.0124,0.9984,0.0016,0.0016
unanimous,0.775,0.24444,0.285,0.5294399999999999,0.5294399999999999,0.98812,0.01036,0.99848,0.00152,0.00152
unanimous,0.8,0.22324,0.26848,0.49172,0.49172,0.99276,0.00604,0.9988,0.0012,0.0012
unanimous,0.825,0.19252,0.2452,0.43772,0.43772,0.99492,0.0044,0.99932,0.00068,0.00068
unanimous,0.8500000000000001,0.1694,0.21708,0.38648,0.38648,0.99688,0.0026,0.99948,0.00052,0.00052
unanimous,0.875,0.1402,0.18764,0.32784,0.32784,0.99784,0.00172,0.99956,0.00044,0.00044
unanimous,0.9,0.11684,0.15676,0.2736,0.2736,0.99884,0.00112,0.99996,4e-05,4e-05
unanimous,0.925,0.0898,0.12244,0.21223999999999998,0.21223999999999998,0.99972,0.0002,0.99992,8e-05,8e-05
unanimous,0.95,0.06024,0.08784,0.14808,0.14808,0.99976,0.00016,0.99992,8e-05,8e-05
unanimous,0.9750000000000001,0.03184,0.0422,0.07404,0.07404,0.99996,4e-05,1.0,0.0,0.0
unanimous,1.0,0.0,0.0,0.0,0.0,1.0,0.0,1.0,0.0,0.0
majority,0.5,0.48764,0.16148,0.64912,0.64912,0.87416,0.0652,0.9393600000000001,0.06064,0.06064
majority,0.525,0.46752,0.14856,0.61608,0.61608,0.89524,0.053,0.9482400000000001,0.05176,0.05176
majority,0.55,0.44384,0.14644,0.59028,0.59028,0.90996,0.04584,0.9558,0.0442,0.0442
majority,0.575,0.43464,0.12744,0.56208,0.56208,0.92408,0.03808,0.96216,0.03784,0.03784
majority,0.6,0.41328,0.11548,0.52876,0.52876,0.93752,0.03164,0.96916,0.03084,0.03084
majority,0.625,0.38616,0.1068,0.49296,0.49296,0.94816,0.0276,0.97576,0.02424,0.02424
majority,0.65,0.3614,0.09512,0.45652,0.45652,0.95688,0.02184,0.9787199999999999,0.02128,0.02128
majority,0.675,0.33632,0.08452,0.42084,0.42084,0.96512,0.01744,0.98256,0.01744,0.01744
majority,0.7,0.31836,0.0736,0.39196,0.39196,0.97208,0.01424,0.9863200000000001,0.01368,0.01368
majority,0.725,0.2966,0.06328,0.35988,0.35988,0.9788,0.01068,0.98948,0.01052,0.01052
majority,0.75,0.26984,0.05408,0.32392000000000004,0.32392000000000004,0.9856,0.00712,0.99272,0.00728,0.00728
majority,0.775,0.24608,0.04404,0.29012,0.29012,0.98816,0.00616,0.9943200000000001,0.00568,0.00568
majority,0.8,0.21568,0.03644,0.25212,0.25212,0.99208,0.0046,0.99668,0.00332,0.00332
majority,0.825,0.19856,0.02616,0.22471999999999998,0.22471999999999998,0.99464,0.0026,0.99724,0.00276,0.00276
majority,0.8500000000000001,0.16972,0.02172,0.19144,0.19144,0.9966,0.00184,0.99844,0.00156,0.00156
majority,0.875,0.14136,0.01496,0.15632000000000001,0.15632000000000001,0.99836,0.0008,0.99916,0.00084,0.00084
majority,0.9,0.11332,0.01012,0.12344000000000001,0.12344000000000001,0.999,0.00064,0.99964,0.00036,0.00036
majority,0.925,0.08724,0.005,0.09224,0.09224,0.99956,0.00028,0.99984,0.00016,0.00016
majority,0.95,0.06028,0.00284,0.06312,0.06312,0.99988,8e-05,0.99996,4e-05,4e-05
majority,0.9750000000000001,0.02892,0.00076,0.02968,0.02968,0.99996,4e-05,1.0,0.0,0.0
majority,1.0,0.0,0.0,0.0,0.0,1.0,0.0,1.0,0.0,0.0
quorum,0.5,0.4852,0.39116,0.87636,0.87636,0.87436,0.1096,0.9839600000000001,0.01604,0.01604
quorum,0.525,0.4646,0.39004,0.8546400000000001,0.8546400000000001,0.89132,0.09464,0.98596,0.01404,0.01404
quorum,0.55,0.44436,0.38764,0.832,0.832,0.90896,0.08,0.98896,0.01104,0.01104
quorum,0.575,0.42736,0.38304,0.8104,0.8104,0.92288,0.06792,0.9908,0.0092,0.0092
quorum,0.6,0.41228,0.37692,0.7891999999999999,0.7891999999999999,0.93696,0.0546,0.99156,0.00844,0.00844
quorum,0.625,0.38296,0.36732,0.7502800000000001,0.7502800000000001,0.94688,0.04724,0.99412,0.00588,0.00588
quorum,0.65,0.36688,0.36096,0.72784,0.72784,0.95532,0.03848,0.9937999999999999,0.0062,0.0062
quorum,0.675,0.34176,0.3516,0.69336,0.69336,0.96604,0.0298,0.9958400000000001,0.00416,0.00416
quorum,0.7,0.3198,0.33788,0.65768,0.65768,0.97292,0.02384,0.99676,0.00324,0.00324
quorum,0.725,0.29212,0.32108,0.6132,0.6132,0.98048,0.0166,0.99708,0.00292,0.00292
quorum,0.75,0.26808,0.31184,0.57992,0.57992,0.98348,0.01432,0.9978,0.0022,0.0022
quorum,0.775,0.24704,0.28808,0.53512,0.53512,0.98944,0.00924,0.99868,0.00132,0.00132
quorum,0.8,0.22292,0.2732,0.49612,0.49612,0.99156,0.00732,0.99888,0.00112,0.00112
quorum,0.825,0.1948,0.24568,0.44048,0.44048,0.99508,0.00424,0.99932,0.00068,0.00068
quorum,0.8500000000000001,0.17076,0.22108,0.39183999999999997,0.39183999999999997,0.99648,0.00308,0.99956,0.00044,0.00044
quorum,0.875,0.1388,0.19088,0.32968,0.32968,0.99804,0.00184,0.99988,0.00012,0.00012
quorum,0.9,0.11552,0.1544,0.26992,0.26992,0.99908,0.00084,0.9999199999999999,8e-05,8e-05
quorum,0.925,0.08788,0.11708,0.20496,0.20496,0.99952,0.0004,0.9999199999999999,8e-05,8e-05
quorum,0.95,0.06036,0.0858,0.14616,0.14616,0.99992,8e-05,1.0,0.0,0.0
quorum,0.9750000000000001,0.0286,0.04556,0.07416,0.07416,1.0,0.0,1.0,0.0,0.0
quorum,1.0,0.0,0.0,0.0,0.0,1.0,0.0,1.0,0.0,0.0
any,0.5,0.49728,0.02752,0.5248,0.5248,0.88108,0.01408,0.89516,0.10484,0.10484
any,0.525,0.46692,0.0216,0.48852,0.48852,0.89004,0.01396,0.904,0.096,0.096
any,0.55,0.45424,0.02068,0.47491999999999995,0.47491999999999995,0.90824,0.01128,0.91952,0.08048,0.08048
any,0.575,0.4296,0.01592,0.44551999999999997,0.44551999999999997,0.92156,0.00948,0.9310400000000001,0.06896,0.06896
any,0.6,0.40504,0.01428,0.41932,0.41932,0.93772,0.00768,0.9454,0.0546,0.0546
any,0.625,0.38744,0.01184,0.39928,0.39928,0.94584,0.00672,0.95256,0.04744,0.04744
any,0.65,0.36548,0.01016,0.37564000000000003,0.37564000000000003,0.95888,0.0052,0.9640799999999999,0.03592,0.03592
any,0.675,0.34356,0.0072,0.35075999999999996,0.35075999999999996,0.96632,0.0046,0.97092,0.02908,0.02908
any,0.7,0.3144,0.00576,0.32016,0.32016,0.9714,0.00428,0.97568,0.02432,0.02432
any,0.725,0.29628,0.00408,0.30035999999999996,0.30035999999999996,0.97944,0.00216,0.9816,0.0184,0.0184
any,0.75,0.27568,0.00364,0.27931999999999996,0.27931999999999996,0.98372,0.0018,0.9855200000000001,0.01448,0.01448
any,0.775,0.24384,0.00244,0.24628,0.24628,0.98884,0.0012,0.99004,0.00996,0.00996
any,0.8,0.22192,0.0016,0.22352,0.22352,0.99168,0.00084,0.99252,0.00748,0.00748
any,0.825,0.19756,0.00116,0.19872,0.19872,0.99456,0.00052,0.99508,0.00492,0.00492
any,0.8500000000000001,0.17028,0.00092,0.1712,0.1712,0.99704,0.00044,0.99748,0.00252,0.00252
any,0.875,0.14252,0.00036,0.14288,0.14288,0.99776,0.00028,0.9980399999999999,0.00196,0.00196
any,0.9,0.11064,0.00028,0.11092,0.11092,0.99892,0.00016,0.9990800000000001,0.00092,0.00092
any,0.925,0.08828,0.00016,0.08843999999999999,0.08843999999999999,0.99972,4e-05,0.9997600000000001,0.00024,0.00024
any,0.95,0.06096,4e-05,0.061,0.061,0.99984,0.0,0.99984,0.00016,0.00016
any,0.9750000000000001,0.03032,0.0,0.03032,0.03032,1.0,0.0,1.0,0.0,0.0
any,1.0,0.0,0.0,0.0,0.0,1.0,0.0,1.0,0.0,0.0
