rho,K,p_v,simulated,analytical,tier,N,P_structural,P_behavioral,alpha
0.0,3.0,0.2,0.00801,0.008000000000000002,tier1_quorum_miss,,,,
0.05,3.0,0.2,0.01708,0.017600000000000005,tier1_quorum_miss,,,,
0.1,3.0,0.2,0.02748,0.027200000000000002,tier1_quorum_miss,,,,
0.15000000000000002,3.0,0.2,0.03622,0.036800000000000006,tier1_quorum_miss,,,,
0.2,3.0,0.2,0.04667,0.046400000000000004,tier1_quorum_miss,,,,
0.25,3.0,0.2,0.05497,0.056,tier1_quorum_miss,,,,
0.30000000000000004,3.0,0.2,0.06532,0.06560000000000002,tier1_quorum_miss,,,,
0.35000000000000003,3.0,0.2,0.07575,0.07520000000000002,tier1_quorum_miss,,,,
0.4,3.0,0.2,0.08586,0.08480000000000001,tier1_quorum_miss,,,,
0.45,3.0,0.2,0.09351,0.09440000000000001,tier1_quorum_miss,,,,
0.5,3.0,0.2,0.1039,0.10400000000000001,tier1_quorum_miss,,,,
0.55,3.0,0.2,0.11503,0.11360000000000002,tier1_quorum_miss,,,,
0.6000000000000001,3.0,0.2,0.12354,0.12320000000000003,tier1_quorum_miss,,,,
0.65,3.0,0.2,0.1341,0.1328,tier1_quorum_miss,,,,
0.7000000000000001,3.0,0.2,0.14178,0.14240000000000003,tier1_quorum_miss,,,,
0.75,3.0,0.2,0.15126,0.15200000000000002,tier1_quorum_miss,,,,
0.8,3.0,0.2,0.16106,0.16160000000000002,tier1_quorum_miss,,,,
0.8500000000000001,3.0,0.2,0.17285,0.17120000000000002,tier1_quorum_miss,,,,
0.9,3.0,0.2,0.18049,0.18080000000000002,tier1_quorum_miss,,,,
0.9500000000000001,3.0,0.2,0.1912,0.1904,tier1_quorum_miss,,,,
1.0,3.0,0.2,0.19903,0.2,tier1_quorum_miss,,,,
0.0,5.0,0.2,0.00027,0.0003200000000000001,tier1_quorum_miss,,,,
0.05,5.0,0.2,0.01025,0.010304000000000002,tier1_quorum_miss,,,,
0.1,5.0,0.2,0.0201,0.020288000000000004,tier1_quorum_miss,,,,
0.15000000000000002,5.0,0.2,0.02895,0.030272000000000007,tier1_quorum_miss,,,,
0.2,5.0,0.2,0.04075,0.04025600000000001,tier1_quorum_miss,,,,
0.25,5.0,0.2,0.05024,0.05024000000000001,tier1_quorum_miss,,,,
0.30000000000000004,5.0,0.2,0.05995,0.060224000000000014,tier1_quorum_miss,,,,
0.35000000000000003,5.0,0.2,0.06911,0.07020800000000002,tier1_quorum_miss,,,,
0.4,5.0,0.2,0.08122,0.08019200000000001,tier1_quorum_miss,,,,
0.45,5.0,0.2,0.09021,0.09017600000000002,tier1_quorum_miss,,,,
0.5,5.0,0.2,0.09929,0.10016000000000001,tier1_quorum_miss,,,,
0.55,5.0,0.2,0.11042,0.11014400000000002,tier1_quorum_miss,,,,
0.6000000000000001,5.0,0.2,0.11901,0.12012800000000003,tier1_quorum_miss,,,,
0.65,5.0,0.2,0.13078,0.130112,tier1_quorum_miss,,,,
0.7000000000000001,5.0,0.2,0.14071,0.14009600000000003,tier1_quorum_miss,,,,
0.75,5.0,0.2,0.15142,0.15008,tier1_quorum_miss,,,,
0.8,5.0,0.2,0.16082,0.160064,tier1_quorum_miss,,,,
0.8500000000000001,5.0,0.2,0.16992,0.17004800000000003,tier1_quorum_miss,,,,
0.9,5.0,0.2,0.18007,0.18003200000000003,tier1_quorum_miss,,,,
0.9500000000000001,5.0,0.2,0.19072,0.19001600000000002,tier1_quorum_miss,,,,
1.0,5.0,0.2,0.19946,0.2,tier1_quorum_miss,,,,
,,,,,tier2_N_sweep,1.0,0.015904,0.09999999999999998,
,,,,,tier2_N_sweep,2.0,0.031808,0.20215000000000005,
,,,,,tier2_N_sweep,3.0,0.047712000000000004,0.294160056625,
,,,,,tier2_N_sweep,4.0,0.063616,0.3757329465899315,
,,,,,tier2_N_sweep,5.0,0.07952000000000001,0.4478993120311633,
,,,,,tier2_N_sweep,6.0,0.09542400000000001,0.5117255947892685,
,,,,,tier2_N_sweep,7.0,0.11132800000000001,0.5681734567760335,
,,,,,tier2_N_sweep,8.0,0.127232,0.6180955949937351,
,,,,,tier2_N_sweep,9.0,0.143136,0.6622463926027846,
,,,,,tier2_N_sweep,10.0,0.15904000000000001,0.7012930523389822,
,,,,,tier2_N_sweep,11.0,0.17494400000000002,0.7358256474349287,
,,,,,tier2_N_sweep,12.0,0.19084800000000002,0.7663660350135866,
,,,,,tier2_N_sweep,13.0,0.20675200000000002,0.7933757419482985,
,,,,,tier2_N_sweep,14.0,0.22265600000000002,0.817262939410907,
,,,,,tier2_N_sweep,15.0,0.23856000000000002,0.8383886111553089,
,,,,,tier2_N_sweep,16.0,0.254464,0.8570720087096082,
,,,,,tier2_N_sweep,17.0,0.27036800000000005,0.8735954759108095,
,,,,,tier2_N_sweep,18.0,0.286272,0.8882087156899068,
,,,,,tier2_N_sweep,19.0,0.302176,0.9011325635870273,
,,,,,tier2_N_sweep,20.0,0.31808000000000003,0.912562325022053,
,,,,,tier2_alpha_sweep,,0.07952000000000001,0.4095099999999998,0.0
,,,,,tier2_alpha_sweep,,0.07952000000000001,0.4154931876609027,0.025
,,,,,tier2_alpha_sweep,,0.07952000000000001,0.42163610295298615,0.05
,,,,,tier2_alpha_sweep,,0.07952000000000001,0.4279434809190422,0.07500000000000001
,,,,,tier2_alpha_sweep,,0.07952000000000001,0.4344200407677473,0.1
,,,,,tier2_alpha_sweep,,0.07952000000000001,0.44107045411599677,0.125
,,,,,tier2_alpha_sweep,,0.07952000000000001,0.4478993120311633,0.15000000000000002
,,,,,tier2_alpha_sweep,,0.07952000000000001,0.4549110908810463,0.17500000000000002
,,,,,tier2_alpha_sweep,,0.07952000000000001,0.46211011700773286,0.2
,,,,,tier2_alpha_sweep,,0.07952000000000001,0.46950053025029825,0.225
,,,,,tier2_alpha_sweep,,0.07952000000000001,0.4770862463501939,0.25
,,,,,tier2_alpha_sweep,,0.07952000000000001,0.48487091828231843,0.275
,,,,,tier2_alpha_sweep,,0.07952000000000001,0.4928578965641256,0.30000000000000004
,,,,,tier2_alpha_sweep,,0.07952000000000001,0.5010501886046705,0.325
,,,,,tier2_alpha_sweep,,0.07952000000000001,0.5094504171652354,0.35000000000000003
,,,,,tier2_alpha_sweep,,0.07952000000000001,0.5180607780130936,0.375
,,,,,tier2_alpha_sweep,,0.07952000000000001,0.5268829968600413,0.4
,,,,,tier2_alpha_sweep,,0.07952000000000001,0.5359182856875679,0.42500000000000004
,,,,,tier2_alpha_sweep,,0.07952000000000001,0.5451672985709051,0.45
,,,,,tier2_alpha_sweep,,0.07952000000000001,0.5546300871247042,0.47500000000000003
,,,,,tier2_alpha_sweep,,0.07952000000000001,0.5643060557037228,0.5
